repo_name,easy_file,hard_file
apereo/cas,support/cas-server-support-u2f/src/main/java/org/apereo/cas/config/U2FConfiguration.java,support/cas-server-support-mongo-core/src/main/java/org/apereo/cas/mongo/MongoDbConnectionFactory.java
apereo/cas,support/cas-server-support-u2f/src/main/java/org/apereo/cas/config/U2FConfiguration.java,support/cas-server-support-oidc/src/main/java/org/apereo/cas/oidc/config/OidcConfiguration.java
apereo/cas,support/cas-server-support-u2f/src/main/java/org/apereo/cas/config/U2FConfiguration.java,support/cas-server-support-yubikey-jpa/src/main/java/org/apereo/cas/config/JpaYubiKeyConfiguration.java
apereo/cas,support/cas-server-support-u2f/src/main/java/org/apereo/cas/config/U2FConfiguration.java,support/cas-server-support-consent-jdbc/src/main/java/org/apereo/cas/config/CasConsentJdbcConfiguration.java
apereo/cas,support/cas-server-support-u2f/src/main/java/org/apereo/cas/config/U2FConfiguration.java,support/cas-server-support-gauth-jpa/src/main/java/org/apereo/cas/config/GoogleAuthenticatorJpaConfiguration.java
apereo/cas,support/cas-server-support-u2f/src/main/java/org/apereo/cas/config/U2FConfiguration.java,support/cas-server-support-u2f-jpa/src/main/java/org/apereo/cas/config/U2FJpaConfiguration.java
apereo/cas,core/cas-server-core-util-api/src/main/java/org/apereo/cas/util/spring/beans/BeanCondition.java,core/cas-server-core-util-api/src/main/java/org/apereo/cas/util/spring/beans/BeanSupplier.java
apereo/cas,core/cas-server-core-util-api/src/main/java/org/apereo/cas/util/spring/beans/BeanCondition.java,support/cas-server-support-oidc/src/main/java/org/apereo/cas/oidc/config/OidcJwksJpaConfiguration.java
apereo/cas,core/cas-server-core-util-api/src/main/java/org/apereo/cas/util/spring/beans/BeanCondition.java,support/cas-server-support-oauth-core-api/src/main/java/org/apereo/cas/support/oauth/web/DefaultOAuth20RequestParameterResolver.java
apereo/cas,support/cas-server-support-webauthn/src/main/java/org/apereo/cas/config/WebAuthnConfiguration.java,support/cas-server-support-oauth-core-api/src/main/java/org/apereo/cas/support/oauth/validator/token/OAuth20AuthorizationCodeGrantTypeTokenRequestValidator.java
apereo/cas,support/cas-server-support-webauthn/src/main/java/org/apereo/cas/config/WebAuthnConfiguration.java,support/cas-server-support-oauth/src/main/java/org/apereo/cas/config/CasOAuth20Configuration.java
apereo/cas,support/cas-server-support-webauthn/src/main/java/org/apereo/cas/config/WebAuthnConfiguration.java,core/cas-server-core-tickets-api/src/main/java/org/apereo/cas/ticket/expiration/TicketGrantingTicketExpirationPolicy.java
apereo/cas,support/cas-server-support-webauthn/src/main/java/org/apereo/cas/config/WebAuthnConfiguration.java,core/cas-server-core-tickets-api/src/main/java/org/apereo/cas/ticket/expiration/HardTimeoutExpirationPolicy.java
apereo/cas,support/cas-server-support-webauthn/src/main/java/org/apereo/cas/config/WebAuthnConfiguration.java,support/cas-server-support-oidc-core-api/src/main/java/org/apereo/cas/oidc/token/OidcRegisteredServiceJwtAccessTokenCipherExecutor.java
apereo/cas,support/cas-server-support-webauthn/src/main/java/org/apereo/cas/config/WebAuthnConfiguration.java,support/cas-server-support-pm-jdbc/src/main/java/org/apereo/cas/config/pm/JdbcPasswordHistoryManagementConfiguration.java
apereo/cas,support/cas-server-support-webauthn/src/main/java/org/apereo/cas/config/WebAuthnConfiguration.java,support/cas-server-support-oidc-core-api/src/main/java/org/apereo/cas/oidc/web/flow/OidcMultifactorAuthenticationTrigger.java
apereo/cas,support/cas-server-support-webauthn/src/main/java/org/apereo/cas/config/WebAuthnConfiguration.java,core/cas-server-core-tickets-api/src/main/java/org/apereo/cas/ticket/expiration/TimeoutExpirationPolicy.java
apereo/cas,support/cas-server-support-webauthn/src/main/java/org/apereo/cas/config/WebAuthnConfiguration.java,support/cas-server-support-oauth-core-api/src/main/java/org/apereo/cas/support/oauth/util/OAuth20Utils.java
apereo/cas,support/cas-server-support-webauthn/src/main/java/org/apereo/cas/config/WebAuthnConfiguration.java,support/cas-server-support-token-core-api/src/main/java/org/apereo/cas/token/JwtBuilder.java
apereo/cas,support/cas-server-support-oidc/src/main/java/org/apereo/cas/oidc/config/OidcLogoutConfiguration.java,support/cas-server-support-oidc/src/main/java/org/apereo/cas/oidc/config/OidcJwksConfiguration.java
apereo/cas,support/cas-server-support-pm/src/main/java/org/apereo/cas/pm/config/PasswordManagementConfiguration.java,support/cas-server-support-jpa-service-registry/src/main/java/org/apereo/cas/config/JpaServiceRegistryConfiguration.java
apereo/cas,support/cas-server-support-pm/src/main/java/org/apereo/cas/pm/config/PasswordManagementConfiguration.java,support/cas-server-support-ldap/src/main/java/org/apereo/cas/config/LdapAuthenticationConfiguration.java
apereo/cas,support/cas-server-support-pm/src/main/java/org/apereo/cas/pm/config/PasswordManagementConfiguration.java,support/cas-server-support-audit-jdbc/src/main/java/org/apereo/cas/audit/config/CasSupportJdbcAuditConfiguration.java
apereo/cas,support/cas-server-support-pm/src/main/java/org/apereo/cas/pm/config/PasswordManagementConfiguration.java,core/cas-server-core-logging/src/main/java/org/apereo/cas/logging/config/CasLoggingConfiguration.java
apereo/cas,support/cas-server-support-pm/src/main/java/org/apereo/cas/pm/config/PasswordManagementConfiguration.java,support/cas-server-support-jpa-ticket-registry/src/main/java/org/apereo/cas/config/JpaTicketRegistryConfiguration.java
apereo/cas,support/cas-server-support-pm/src/main/java/org/apereo/cas/pm/config/PasswordManagementConfiguration.java,support/cas-server-support-trusted-mfa-jdbc/src/main/java/org/apereo/cas/trusted/config/JdbcMultifactorAuthnTrustConfiguration.java
apereo/cas,support/cas-server-support-pm/src/main/java/org/apereo/cas/pm/config/PasswordManagementConfiguration.java,support/cas-server-support-events-jpa/src/main/java/org/apereo/cas/config/JpaEventsConfiguration.java
apereo/cas,support/cas-server-support-webauthn/src/main/java/org/apereo/cas/config/WebAuthnWebflowConfiguration.java,core/cas-server-core-tickets-api/src/main/java/org/apereo/cas/ticket/expiration/TimeoutExpirationPolicy.java
apereo/cas,support/cas-server-support-webauthn/src/main/java/org/apereo/cas/config/WebAuthnWebflowConfiguration.java,support/cas-server-support-oauth-core-api/src/main/java/org/apereo/cas/support/oauth/util/OAuth20Utils.java
apereo/cas,support/cas-server-support-webauthn/src/main/java/org/apereo/cas/config/WebAuthnWebflowConfiguration.java,core/cas-server-core-tickets-api/src/main/java/org/apereo/cas/ticket/expiration/TicketGrantingTicketExpirationPolicy.java
apereo/cas,support/cas-server-support-webauthn/src/main/java/org/apereo/cas/config/WebAuthnWebflowConfiguration.java,support/cas-server-support-oauth/src/main/java/org/apereo/cas/config/CasOAuth20Configuration.java
apereo/cas,support/cas-server-support-webauthn/src/main/java/org/apereo/cas/config/WebAuthnWebflowConfiguration.java,support/cas-server-support-oidc-core-api/src/main/java/org/apereo/cas/oidc/web/flow/OidcMultifactorAuthenticationTrigger.java
apereo/cas,support/cas-server-support-webauthn/src/main/java/org/apereo/cas/config/WebAuthnWebflowConfiguration.java,support/cas-server-support-pm-jdbc/src/main/java/org/apereo/cas/config/pm/JdbcPasswordHistoryManagementConfiguration.java
apereo/cas,support/cas-server-support-webauthn/src/main/java/org/apereo/cas/config/WebAuthnWebflowConfiguration.java,support/cas-server-support-token-core-api/src/main/java/org/apereo/cas/token/JwtBuilder.java
apereo/cas,support/cas-server-support-webauthn/src/main/java/org/apereo/cas/config/WebAuthnWebflowConfiguration.java,core/cas-server-core-tickets-api/src/main/java/org/apereo/cas/ticket/expiration/HardTimeoutExpirationPolicy.java
apereo/cas,support/cas-server-support-webauthn/src/main/java/org/apereo/cas/config/WebAuthnWebflowConfiguration.java,support/cas-server-support-oauth-core-api/src/main/java/org/apereo/cas/support/oauth/validator/token/OAuth20AuthorizationCodeGrantTypeTokenRequestValidator.java
apereo/cas,support/cas-server-support-webauthn/src/main/java/org/apereo/cas/config/WebAuthnWebflowConfiguration.java,support/cas-server-support-oidc-core-api/src/main/java/org/apereo/cas/oidc/token/OidcRegisteredServiceJwtAccessTokenCipherExecutor.java
apereo/cas,core/cas-server-core-util-api/src/main/java/org/apereo/cas/util/spring/boot/CasFeatureEnabledCondition.java,core/cas-server-core-util-api/src/main/java/org/apereo/cas/util/spring/beans/BeanSupplier.java
apereo/cas,core/cas-server-core-util-api/src/main/java/org/apereo/cas/util/spring/boot/CasFeatureEnabledCondition.java,support/cas-server-support-oauth-core-api/src/main/java/org/apereo/cas/support/oauth/web/DefaultOAuth20RequestParameterResolver.java
apereo/cas,core/cas-server-core-util-api/src/main/java/org/apereo/cas/util/spring/boot/CasFeatureEnabledCondition.java,support/cas-server-support-oidc/src/main/java/org/apereo/cas/oidc/config/OidcJwksJpaConfiguration.java
apereo/cas,support/cas-server-support-oidc-core-api/src/main/java/org/apereo/cas/oidc/web/OidcHandlerInterceptorAdapter.java,support/cas-server-support-oauth/src/main/java/org/apereo/cas/config/CasOAuth20Configuration.java
apereo/cas,support/cas-server-support-oidc-core-api/src/main/java/org/apereo/cas/oidc/web/OidcHandlerInterceptorAdapter.java,support/cas-server-support-oauth-core-api/src/main/java/org/apereo/cas/support/oauth/validator/token/OAuth20AuthorizationCodeGrantTypeTokenRequestValidator.java
apereo/cas,support/cas-server-support-oidc-core-api/src/main/java/org/apereo/cas/oidc/web/OidcHandlerInterceptorAdapter.java,core/cas-server-core-tickets-api/src/main/java/org/apereo/cas/ticket/expiration/TicketGrantingTicketExpirationPolicy.java
apereo/cas,support/cas-server-support-oidc-core-api/src/main/java/org/apereo/cas/oidc/web/OidcHandlerInterceptorAdapter.java,support/cas-server-support-oidc-core-api/src/main/java/org/apereo/cas/oidc/token/OidcRegisteredServiceJwtAccessTokenCipherExecutor.java
apereo/cas,support/cas-server-support-oidc-core-api/src/main/java/org/apereo/cas/oidc/web/OidcHandlerInterceptorAdapter.java,support/cas-server-support-oidc-core-api/src/main/java/org/apereo/cas/oidc/web/flow/OidcMultifactorAuthenticationTrigger.java
apereo/cas,support/cas-server-support-oidc-core-api/src/main/java/org/apereo/cas/oidc/web/OidcHandlerInterceptorAdapter.java,support/cas-server-support-token-core-api/src/main/java/org/apereo/cas/token/JwtBuilder.java
apereo/cas,support/cas-server-support-oidc-core-api/src/main/java/org/apereo/cas/oidc/web/OidcHandlerInterceptorAdapter.java,support/cas-server-support-pm-jdbc/src/main/java/org/apereo/cas/config/pm/JdbcPasswordHistoryManagementConfiguration.java
apereo/cas,support/cas-server-support-oidc-core-api/src/main/java/org/apereo/cas/oidc/web/OidcHandlerInterceptorAdapter.java,core/cas-server-core-tickets-api/src/main/java/org/apereo/cas/ticket/expiration/TimeoutExpirationPolicy.java
apereo/cas,support/cas-server-support-oidc-core-api/src/main/java/org/apereo/cas/oidc/web/OidcHandlerInterceptorAdapter.java,support/cas-server-support-oauth-core-api/src/main/java/org/apereo/cas/support/oauth/util/OAuth20Utils.java
apereo/cas,support/cas-server-support-oidc-core-api/src/main/java/org/apereo/cas/oidc/web/OidcHandlerInterceptorAdapter.java,core/cas-server-core-tickets-api/src/main/java/org/apereo/cas/ticket/expiration/HardTimeoutExpirationPolicy.java
apereo/cas,core/cas-server-core-services/src/main/java/org/apereo/cas/config/CasServiceRegistryInitializationConfiguration.java,support/cas-server-support-oidc/src/main/java/org/apereo/cas/oidc/config/OidcConfiguration.java
apereo/cas,core/cas-server-core-services/src/main/java/org/apereo/cas/config/CasServiceRegistryInitializationConfiguration.java,support/cas-server-support-consent-jdbc/src/main/java/org/apereo/cas/config/CasConsentJdbcConfiguration.java
apereo/cas,core/cas-server-core-services/src/main/java/org/apereo/cas/config/CasServiceRegistryInitializationConfiguration.java,support/cas-server-support-u2f-jpa/src/main/java/org/apereo/cas/config/U2FJpaConfiguration.java
apereo/cas,core/cas-server-core-services/src/main/java/org/apereo/cas/config/CasServiceRegistryInitializationConfiguration.java,support/cas-server-support-yubikey-jpa/src/main/java/org/apereo/cas/config/JpaYubiKeyConfiguration.java
apereo/cas,core/cas-server-core-services/src/main/java/org/apereo/cas/config/CasServiceRegistryInitializationConfiguration.java,support/cas-server-support-gauth-jpa/src/main/java/org/apereo/cas/config/GoogleAuthenticatorJpaConfiguration.java
apereo/cas,core/cas-server-core-services/src/main/java/org/apereo/cas/config/CasServiceRegistryInitializationConfiguration.java,support/cas-server-support-mongo-core/src/main/java/org/apereo/cas/mongo/MongoDbConnectionFactory.java
apereo/cas,support/cas-server-support-aup-jdbc/src/main/java/org/apereo/cas/config/CasAcceptableUsagePolicyJdbcConfiguration.java,support/cas-server-support-oidc/src/main/java/org/apereo/cas/oidc/config/OidcConfiguration.java
apereo/cas,support/cas-server-support-aup-jdbc/src/main/java/org/apereo/cas/config/CasAcceptableUsagePolicyJdbcConfiguration.java,support/cas-server-support-yubikey-jpa/src/main/java/org/apereo/cas/config/JpaYubiKeyConfiguration.java
apereo/cas,support/cas-server-support-aup-jdbc/src/main/java/org/apereo/cas/config/CasAcceptableUsagePolicyJdbcConfiguration.java,support/cas-server-support-consent-jdbc/src/main/java/org/apereo/cas/config/CasConsentJdbcConfiguration.java
apereo/cas,support/cas-server-support-aup-jdbc/src/main/java/org/apereo/cas/config/CasAcceptableUsagePolicyJdbcConfiguration.java,support/cas-server-support-u2f-jpa/src/main/java/org/apereo/cas/config/U2FJpaConfiguration.java
apereo/cas,support/cas-server-support-aup-jdbc/src/main/java/org/apereo/cas/config/CasAcceptableUsagePolicyJdbcConfiguration.java,support/cas-server-support-mongo-core/src/main/java/org/apereo/cas/mongo/MongoDbConnectionFactory.java
apereo/cas,support/cas-server-support-aup-jdbc/src/main/java/org/apereo/cas/config/CasAcceptableUsagePolicyJdbcConfiguration.java,support/cas-server-support-gauth-jpa/src/main/java/org/apereo/cas/config/GoogleAuthenticatorJpaConfiguration.java
apereo/cas,support/cas-server-support-aup-ldap/src/main/java/org/apereo/cas/config/CasAcceptableUsagePolicyLdapConfiguration.java,support/cas-server-support-consent-jdbc/src/main/java/org/apereo/cas/config/CasConsentJdbcConfiguration.java
apereo/cas,support/cas-server-support-aup-ldap/src/main/java/org/apereo/cas/config/CasAcceptableUsagePolicyLdapConfiguration.java,support/cas-server-support-gauth-jpa/src/main/java/org/apereo/cas/config/GoogleAuthenticatorJpaConfiguration.java
apereo/cas,support/cas-server-support-aup-ldap/src/main/java/org/apereo/cas/config/CasAcceptableUsagePolicyLdapConfiguration.java,support/cas-server-support-oidc/src/main/java/org/apereo/cas/oidc/config/OidcConfiguration.java
apereo/cas,support/cas-server-support-aup-ldap/src/main/java/org/apereo/cas/config/CasAcceptableUsagePolicyLdapConfiguration.java,support/cas-server-support-u2f-jpa/src/main/java/org/apereo/cas/config/U2FJpaConfiguration.java
apereo/cas,support/cas-server-support-aup-ldap/src/main/java/org/apereo/cas/config/CasAcceptableUsagePolicyLdapConfiguration.java,support/cas-server-support-mongo-core/src/main/java/org/apereo/cas/mongo/MongoDbConnectionFactory.java
apereo/cas,support/cas-server-support-aup-ldap/src/main/java/org/apereo/cas/config/CasAcceptableUsagePolicyLdapConfiguration.java,support/cas-server-support-yubikey-jpa/src/main/java/org/apereo/cas/config/JpaYubiKeyConfiguration.java
apereo/cas,support/cas-server-support-aup-rest/src/main/java/org/apereo/cas/config/CasAcceptableUsagePolicyRestConfiguration.java,support/cas-server-support-consent-jdbc/src/main/java/org/apereo/cas/config/CasConsentJdbcConfiguration.java
apereo/cas,support/cas-server-support-aup-rest/src/main/java/org/apereo/cas/config/CasAcceptableUsagePolicyRestConfiguration.java,support/cas-server-support-mongo-core/src/main/java/org/apereo/cas/mongo/MongoDbConnectionFactory.java
apereo/cas,support/cas-server-support-aup-rest/src/main/java/org/apereo/cas/config/CasAcceptableUsagePolicyRestConfiguration.java,support/cas-server-support-u2f-jpa/src/main/java/org/apereo/cas/config/U2FJpaConfiguration.java
apereo/cas,support/cas-server-support-aup-rest/src/main/java/org/apereo/cas/config/CasAcceptableUsagePolicyRestConfiguration.java,support/cas-server-support-oidc/src/main/java/org/apereo/cas/oidc/config/OidcConfiguration.java
apereo/cas,support/cas-server-support-aup-rest/src/main/java/org/apereo/cas/config/CasAcceptableUsagePolicyRestConfiguration.java,support/cas-server-support-gauth-jpa/src/main/java/org/apereo/cas/config/GoogleAuthenticatorJpaConfiguration.java
apereo/cas,support/cas-server-support-aup-rest/src/main/java/org/apereo/cas/config/CasAcceptableUsagePolicyRestConfiguration.java,support/cas-server-support-yubikey-jpa/src/main/java/org/apereo/cas/config/JpaYubiKeyConfiguration.java
apereo/cas,support/cas-server-support-aup-redis/src/main/java/org/apereo/cas/config/CasAcceptableUsagePolicyRedisConfiguration.java,support/cas-server-support-token-core-api/src/main/java/org/apereo/cas/token/JwtBuilder.java
apereo/cas,support/cas-server-support-aup-redis/src/main/java/org/apereo/cas/config/CasAcceptableUsagePolicyRedisConfiguration.java,support/cas-server-support-oauth-core-api/src/main/java/org/apereo/cas/support/oauth/validator/token/OAuth20AuthorizationCodeGrantTypeTokenRequestValidator.java
apereo/cas,support/cas-server-support-aup-redis/src/main/java/org/apereo/cas/config/CasAcceptableUsagePolicyRedisConfiguration.java,core/cas-server-core-tickets-api/src/main/java/org/apereo/cas/ticket/expiration/TicketGrantingTicketExpirationPolicy.java
apereo/cas,support/cas-server-support-aup-redis/src/main/java/org/apereo/cas/config/CasAcceptableUsagePolicyRedisConfiguration.java,support/cas-server-support-pm-jdbc/src/main/java/org/apereo/cas/config/pm/JdbcPasswordHistoryManagementConfiguration.java
apereo/cas,support/cas-server-support-aup-redis/src/main/java/org/apereo/cas/config/CasAcceptableUsagePolicyRedisConfiguration.java,support/cas-server-support-oidc-core-api/src/main/java/org/apereo/cas/oidc/token/OidcRegisteredServiceJwtAccessTokenCipherExecutor.java
apereo/cas,support/cas-server-support-aup-redis/src/main/java/org/apereo/cas/config/CasAcceptableUsagePolicyRedisConfiguration.java,support/cas-server-support-oauth-core-api/src/main/java/org/apereo/cas/support/oauth/util/OAuth20Utils.java
apereo/cas,support/cas-server-support-aup-redis/src/main/java/org/apereo/cas/config/CasAcceptableUsagePolicyRedisConfiguration.java,support/cas-server-support-oidc-core-api/src/main/java/org/apereo/cas/oidc/web/flow/OidcMultifactorAuthenticationTrigger.java
apereo/cas,support/cas-server-support-aup-redis/src/main/java/org/apereo/cas/config/CasAcceptableUsagePolicyRedisConfiguration.java,core/cas-server-core-tickets-api/src/main/java/org/apereo/cas/ticket/expiration/HardTimeoutExpirationPolicy.java
apereo/cas,support/cas-server-support-aup-redis/src/main/java/org/apereo/cas/config/CasAcceptableUsagePolicyRedisConfiguration.java,core/cas-server-core-tickets-api/src/main/java/org/apereo/cas/ticket/expiration/TimeoutExpirationPolicy.java
apereo/cas,support/cas-server-support-aup-redis/src/main/java/org/apereo/cas/config/CasAcceptableUsagePolicyRedisConfiguration.java,support/cas-server-support-oauth/src/main/java/org/apereo/cas/config/CasOAuth20Configuration.java
apereo/cas,support/cas-server-support-passwordless/src/main/java/org/apereo/cas/config/PasswordlessAuthenticationConfiguration.java,webapp/cas-server-webapp-config/src/main/java/org/apereo/cas/web/security/CasWebSecurityConfigurerAdapter.java
apereo/cas,support/cas-server-support-passwordless/src/main/java/org/apereo/cas/config/PasswordlessAuthenticationConfiguration.java,support/cas-server-support-saml-idp-metadata-jpa/src/main/java/org/apereo/cas/config/SamlIdPJpaIdPMetadataConfiguration.java
apereo/cas,support/cas-server-support-passwordless/src/main/java/org/apereo/cas/config/PasswordlessAuthenticationConfiguration.java,support/cas-server-support-saml-idp-metadata-jpa/src/main/java/org/apereo/cas/config/SamlIdPJpaRegisteredServiceMetadataConfiguration.java
apereo/cas,support/cas-server-support-passwordless/src/main/java/org/apereo/cas/config/PasswordlessAuthenticationConfiguration.java,support/cas-server-support-oauth-uma/src/main/java/org/apereo/cas/config/CasOAuthUmaConfiguration.java
apereo/cas,support/cas-server-support-rest-services/src/main/java/org/apereo/cas/support/rest/config/RestServicesConfiguration.java,support/cas-server-support-jpa-ticket-registry/src/main/java/org/apereo/cas/config/JpaTicketRegistryConfiguration.java
apereo/cas,support/cas-server-support-rest-services/src/main/java/org/apereo/cas/support/rest/config/RestServicesConfiguration.java,support/cas-server-support-ldap/src/main/java/org/apereo/cas/config/LdapAuthenticationConfiguration.java
apereo/cas,support/cas-server-support-rest-services/src/main/java/org/apereo/cas/support/rest/config/RestServicesConfiguration.java,support/cas-server-support-events-jpa/src/main/java/org/apereo/cas/config/JpaEventsConfiguration.java
apereo/cas,support/cas-server-support-rest-services/src/main/java/org/apereo/cas/support/rest/config/RestServicesConfiguration.java,support/cas-server-support-audit-jdbc/src/main/java/org/apereo/cas/audit/config/CasSupportJdbcAuditConfiguration.java
apereo/cas,support/cas-server-support-rest-services/src/main/java/org/apereo/cas/support/rest/config/RestServicesConfiguration.java,support/cas-server-support-trusted-mfa-jdbc/src/main/java/org/apereo/cas/trusted/config/JdbcMultifactorAuthnTrustConfiguration.java
apereo/cas,support/cas-server-support-rest-services/src/main/java/org/apereo/cas/support/rest/config/RestServicesConfiguration.java,core/cas-server-core-logging/src/main/java/org/apereo/cas/logging/config/CasLoggingConfiguration.java
apereo/cas,support/cas-server-support-rest-services/src/main/java/org/apereo/cas/support/rest/config/RestServicesConfiguration.java,support/cas-server-support-jpa-service-registry/src/main/java/org/apereo/cas/config/JpaServiceRegistryConfiguration.java
apereo/cas,support/cas-server-support-jdbc/src/main/java/org/apereo/cas/adaptors/jdbc/config/CasJdbcAuthenticationConfiguration.java,support/cas-server-support-yubikey-jpa/src/main/java/org/apereo/cas/config/JpaYubiKeyConfiguration.java
apereo/cas,support/cas-server-support-jdbc/src/main/java/org/apereo/cas/adaptors/jdbc/config/CasJdbcAuthenticationConfiguration.java,support/cas-server-support-gauth-jpa/src/main/java/org/apereo/cas/config/GoogleAuthenticatorJpaConfiguration.java
apereo/cas,support/cas-server-support-jdbc/src/main/java/org/apereo/cas/adaptors/jdbc/config/CasJdbcAuthenticationConfiguration.java,support/cas-server-support-consent-jdbc/src/main/java/org/apereo/cas/config/CasConsentJdbcConfiguration.java
apereo/cas,support/cas-server-support-jdbc/src/main/java/org/apereo/cas/adaptors/jdbc/config/CasJdbcAuthenticationConfiguration.java,support/cas-server-support-oidc/src/main/java/org/apereo/cas/oidc/config/OidcConfiguration.java
apereo/cas,support/cas-server-support-jdbc/src/main/java/org/apereo/cas/adaptors/jdbc/config/CasJdbcAuthenticationConfiguration.java,support/cas-server-support-u2f-jpa/src/main/java/org/apereo/cas/config/U2FJpaConfiguration.java
apereo/cas,support/cas-server-support-jdbc/src/main/java/org/apereo/cas/adaptors/jdbc/config/CasJdbcAuthenticationConfiguration.java,support/cas-server-support-mongo-core/src/main/java/org/apereo/cas/mongo/MongoDbConnectionFactory.java
apereo/cas,support/cas-server-support-aup-mongo/src/main/java/org/apereo/cas/config/CasAcceptableUsagePolicyMongoDbConfiguration.java,support/cas-server-support-consent-jdbc/src/main/java/org/apereo/cas/config/CasConsentJdbcConfiguration.java
apereo/cas,support/cas-server-support-aup-mongo/src/main/java/org/apereo/cas/config/CasAcceptableUsagePolicyMongoDbConfiguration.java,support/cas-server-support-oidc/src/main/java/org/apereo/cas/oidc/config/OidcConfiguration.java
apereo/cas,support/cas-server-support-aup-mongo/src/main/java/org/apereo/cas/config/CasAcceptableUsagePolicyMongoDbConfiguration.java,support/cas-server-support-mongo-core/src/main/java/org/apereo/cas/mongo/MongoDbConnectionFactory.java
apereo/cas,support/cas-server-support-aup-mongo/src/main/java/org/apereo/cas/config/CasAcceptableUsagePolicyMongoDbConfiguration.java,support/cas-server-support-gauth-jpa/src/main/java/org/apereo/cas/config/GoogleAuthenticatorJpaConfiguration.java
apereo/cas,support/cas-server-support-aup-mongo/src/main/java/org/apereo/cas/config/CasAcceptableUsagePolicyMongoDbConfiguration.java,support/cas-server-support-yubikey-jpa/src/main/java/org/apereo/cas/config/JpaYubiKeyConfiguration.java
apereo/cas,support/cas-server-support-aup-mongo/src/main/java/org/apereo/cas/config/CasAcceptableUsagePolicyMongoDbConfiguration.java,support/cas-server-support-u2f-jpa/src/main/java/org/apereo/cas/config/U2FJpaConfiguration.java
apereo/cas,support/cas-server-support-aup-webflow/src/main/java/org/apereo/cas/config/CasAcceptableUsagePolicyWebflowConfiguration.java,support/cas-server-support-oidc/src/main/java/org/apereo/cas/oidc/config/OidcConfiguration.java
apereo/cas,support/cas-server-support-aup-webflow/src/main/java/org/apereo/cas/config/CasAcceptableUsagePolicyWebflowConfiguration.java,support/cas-server-support-gauth-jpa/src/main/java/org/apereo/cas/config/GoogleAuthenticatorJpaConfiguration.java
apereo/cas,support/cas-server-support-aup-webflow/src/main/java/org/apereo/cas/config/CasAcceptableUsagePolicyWebflowConfiguration.java,support/cas-server-support-consent-jdbc/src/main/java/org/apereo/cas/config/CasConsentJdbcConfiguration.java
apereo/cas,support/cas-server-support-aup-webflow/src/main/java/org/apereo/cas/config/CasAcceptableUsagePolicyWebflowConfiguration.java,support/cas-server-support-u2f-jpa/src/main/java/org/apereo/cas/config/U2FJpaConfiguration.java
apereo/cas,support/cas-server-support-aup-webflow/src/main/java/org/apereo/cas/config/CasAcceptableUsagePolicyWebflowConfiguration.java,support/cas-server-support-mongo-core/src/main/java/org/apereo/cas/mongo/MongoDbConnectionFactory.java
apereo/cas,support/cas-server-support-aup-webflow/src/main/java/org/apereo/cas/config/CasAcceptableUsagePolicyWebflowConfiguration.java,support/cas-server-support-yubikey-jpa/src/main/java/org/apereo/cas/config/JpaYubiKeyConfiguration.java
apereo/cas,support/cas-server-support-swivel/src/main/java/org/apereo/cas/config/SwivelAuthenticationEventExecutionPlanConfiguration.java,support/cas-server-support-oidc/src/main/java/org/apereo/cas/oidc/config/OidcConfiguration.java
apereo/cas,support/cas-server-support-swivel/src/main/java/org/apereo/cas/config/SwivelAuthenticationEventExecutionPlanConfiguration.java,support/cas-server-support-u2f-jpa/src/main/java/org/apereo/cas/config/U2FJpaConfiguration.java
apereo/cas,support/cas-server-support-swivel/src/main/java/org/apereo/cas/config/SwivelAuthenticationEventExecutionPlanConfiguration.java,support/cas-server-support-consent-jdbc/src/main/java/org/apereo/cas/config/CasConsentJdbcConfiguration.java
apereo/cas,support/cas-server-support-swivel/src/main/java/org/apereo/cas/config/SwivelAuthenticationEventExecutionPlanConfiguration.java,support/cas-server-support-gauth-jpa/src/main/java/org/apereo/cas/config/GoogleAuthenticatorJpaConfiguration.java
apereo/cas,support/cas-server-support-swivel/src/main/java/org/apereo/cas/config/SwivelAuthenticationEventExecutionPlanConfiguration.java,support/cas-server-support-mongo-core/src/main/java/org/apereo/cas/mongo/MongoDbConnectionFactory.java
apereo/cas,support/cas-server-support-swivel/src/main/java/org/apereo/cas/config/SwivelAuthenticationEventExecutionPlanConfiguration.java,support/cas-server-support-yubikey-jpa/src/main/java/org/apereo/cas/config/JpaYubiKeyConfiguration.java
apereo/cas,support/cas-server-support-aup-couchbase/src/main/java/org/apereo/cas/config/CasAcceptableUsagePolicyCouchbaseConfiguration.java,support/cas-server-support-passwordless-jpa/src/main/java/org/apereo/cas/config/JpaPasswordlessAuthenticationConfiguration.java
apereo/cas,support/cas-server-support-aup-couchbase/src/main/java/org/apereo/cas/config/CasAcceptableUsagePolicyCouchbaseConfiguration.java,support/cas-server-support-webauthn-jpa/src/main/java/org/apereo/cas/config/JpaWebAuthnConfiguration.java
apereo/cas,support/cas-server-support-aup-couchbase/src/main/java/org/apereo/cas/config/CasAcceptableUsagePolicyCouchbaseConfiguration.java,support/cas-server-support-jpa-eclipselink/src/main/java/org/apereo/cas/eclipselink/CasEclipseLinkJpaBeanFactory.java
apereo/cas,support/cas-server-support-aup-couchbase/src/main/java/org/apereo/cas/config/CasAcceptableUsagePolicyCouchbaseConfiguration.java,support/cas-server-support-oauth-uma-jpa/src/main/java/org/apereo/cas/config/CasOAuthUmaJpaConfiguration.java
apereo/cas,support/cas-server-support-x509-webflow/src/main/java/org/apereo/cas/web/flow/config/X509AuthenticationWebflowConfiguration.java,support/cas-server-support-jpa-ticket-registry/src/main/java/org/apereo/cas/config/JpaTicketRegistryConfiguration.java
apereo/cas,support/cas-server-support-x509-webflow/src/main/java/org/apereo/cas/web/flow/config/X509AuthenticationWebflowConfiguration.java,support/cas-server-support-events-jpa/src/main/java/org/apereo/cas/config/JpaEventsConfiguration.java
apereo/cas,support/cas-server-support-x509-webflow/src/main/java/org/apereo/cas/web/flow/config/X509AuthenticationWebflowConfiguration.java,support/cas-server-support-jpa-service-registry/src/main/java/org/apereo/cas/config/JpaServiceRegistryConfiguration.java
apereo/cas,support/cas-server-support-x509-webflow/src/main/java/org/apereo/cas/web/flow/config/X509AuthenticationWebflowConfiguration.java,support/cas-server-support-audit-jdbc/src/main/java/org/apereo/cas/audit/config/CasSupportJdbcAuditConfiguration.java
apereo/cas,support/cas-server-support-x509-webflow/src/main/java/org/apereo/cas/web/flow/config/X509AuthenticationWebflowConfiguration.java,support/cas-server-support-trusted-mfa-jdbc/src/main/java/org/apereo/cas/trusted/config/JdbcMultifactorAuthnTrustConfiguration.java
apereo/cas,support/cas-server-support-x509-webflow/src/main/java/org/apereo/cas/web/flow/config/X509AuthenticationWebflowConfiguration.java,core/cas-server-core-logging/src/main/java/org/apereo/cas/logging/config/CasLoggingConfiguration.java
apereo/cas,support/cas-server-support-x509-webflow/src/main/java/org/apereo/cas/web/flow/config/X509AuthenticationWebflowConfiguration.java,support/cas-server-support-ldap/src/main/java/org/apereo/cas/config/LdapAuthenticationConfiguration.java
apereo/cas,support/cas-server-support-passwordless-mongo/src/main/java/org/apereo/cas/config/MongoDbPasswordlessAuthenticationConfiguration.java,support/cas-server-support-jpa-eclipselink/src/main/java/org/apereo/cas/eclipselink/CasEclipseLinkJpaBeanFactory.java
apereo/cas,support/cas-server-support-passwordless-mongo/src/main/java/org/apereo/cas/config/MongoDbPasswordlessAuthenticationConfiguration.java,support/cas-server-support-webauthn-jpa/src/main/java/org/apereo/cas/config/JpaWebAuthnConfiguration.java
apereo/cas,support/cas-server-support-passwordless-mongo/src/main/java/org/apereo/cas/config/MongoDbPasswordlessAuthenticationConfiguration.java,support/cas-server-support-oauth-uma-jpa/src/main/java/org/apereo/cas/config/CasOAuthUmaJpaConfiguration.java
apereo/cas,support/cas-server-support-passwordless-mongo/src/main/java/org/apereo/cas/config/MongoDbPasswordlessAuthenticationConfiguration.java,support/cas-server-support-passwordless-jpa/src/main/java/org/apereo/cas/config/JpaPasswordlessAuthenticationConfiguration.java
apereo/cas,support/cas-server-support-oauth/src/main/java/org/apereo/cas/config/CasOAuth20AuthenticationServiceSelectionStrategyConfiguration.java,support/cas-server-support-token-core-api/src/main/java/org/apereo/cas/token/JwtBuilder.java
apereo/cas,support/cas-server-support-oauth/src/main/java/org/apereo/cas/config/CasOAuth20AuthenticationServiceSelectionStrategyConfiguration.java,support/cas-server-support-oauth/src/main/java/org/apereo/cas/config/CasOAuth20Configuration.java
apereo/cas,support/cas-server-support-oauth/src/main/java/org/apereo/cas/config/CasOAuth20AuthenticationServiceSelectionStrategyConfiguration.java,support/cas-server-support-oidc-core-api/src/main/java/org/apereo/cas/oidc/web/flow/OidcMultifactorAuthenticationTrigger.java
apereo/cas,support/cas-server-support-oauth/src/main/java/org/apereo/cas/config/CasOAuth20AuthenticationServiceSelectionStrategyConfiguration.java,core/cas-server-core-tickets-api/src/main/java/org/apereo/cas/ticket/expiration/TicketGrantingTicketExpirationPolicy.java
apereo/cas,support/cas-server-support-oauth/src/main/java/org/apereo/cas/config/CasOAuth20AuthenticationServiceSelectionStrategyConfiguration.java,support/cas-server-support-oidc-core-api/src/main/java/org/apereo/cas/oidc/token/OidcRegisteredServiceJwtAccessTokenCipherExecutor.java
apereo/cas,support/cas-server-support-oauth/src/main/java/org/apereo/cas/config/CasOAuth20AuthenticationServiceSelectionStrategyConfiguration.java,core/cas-server-core-tickets-api/src/main/java/org/apereo/cas/ticket/expiration/HardTimeoutExpirationPolicy.java
apereo/cas,support/cas-server-support-oauth/src/main/java/org/apereo/cas/config/CasOAuth20AuthenticationServiceSelectionStrategyConfiguration.java,core/cas-server-core-tickets-api/src/main/java/org/apereo/cas/ticket/expiration/TimeoutExpirationPolicy.java
apereo/cas,support/cas-server-support-oauth/src/main/java/org/apereo/cas/config/CasOAuth20AuthenticationServiceSelectionStrategyConfiguration.java,support/cas-server-support-pm-jdbc/src/main/java/org/apereo/cas/config/pm/JdbcPasswordHistoryManagementConfiguration.java
apereo/cas,support/cas-server-support-oauth/src/main/java/org/apereo/cas/config/CasOAuth20AuthenticationServiceSelectionStrategyConfiguration.java,support/cas-server-support-oauth-core-api/src/main/java/org/apereo/cas/support/oauth/util/OAuth20Utils.java
apereo/cas,support/cas-server-support-oauth/src/main/java/org/apereo/cas/config/CasOAuth20AuthenticationServiceSelectionStrategyConfiguration.java,support/cas-server-support-oauth-core-api/src/main/java/org/apereo/cas/support/oauth/validator/token/OAuth20AuthorizationCodeGrantTypeTokenRequestValidator.java
apereo/cas,support/cas-server-support-passwordless-webflow/src/main/java/org/apereo/cas/config/PasswordlessAuthenticationWebflowConfiguration.java,support/cas-server-support-jpa-eclipselink/src/main/java/org/apereo/cas/eclipselink/CasEclipseLinkJpaBeanFactory.java
apereo/cas,support/cas-server-support-passwordless-webflow/src/main/java/org/apereo/cas/config/PasswordlessAuthenticationWebflowConfiguration.java,support/cas-server-support-webauthn-jpa/src/main/java/org/apereo/cas/config/JpaWebAuthnConfiguration.java
apereo/cas,support/cas-server-support-passwordless-webflow/src/main/java/org/apereo/cas/config/PasswordlessAuthenticationWebflowConfiguration.java,support/cas-server-support-oauth-uma-jpa/src/main/java/org/apereo/cas/config/CasOAuthUmaJpaConfiguration.java
apereo/cas,support/cas-server-support-passwordless-webflow/src/main/java/org/apereo/cas/config/PasswordlessAuthenticationWebflowConfiguration.java,support/cas-server-support-passwordless-jpa/src/main/java/org/apereo/cas/config/JpaPasswordlessAuthenticationConfiguration.java
apereo/cas,support/cas-server-support-dynamodb-ticket-registry/src/main/java/org/apereo/cas/config/DynamoDbTicketRegistryTicketCatalogConfiguration.java,support/cas-server-support-yubikey-jpa/src/main/java/org/apereo/cas/config/JpaYubiKeyConfiguration.java
apereo/cas,support/cas-server-support-dynamodb-ticket-registry/src/main/java/org/apereo/cas/config/DynamoDbTicketRegistryTicketCatalogConfiguration.java,support/cas-server-support-mongo-core/src/main/java/org/apereo/cas/mongo/MongoDbConnectionFactory.java
apereo/cas,support/cas-server-support-dynamodb-ticket-registry/src/main/java/org/apereo/cas/config/DynamoDbTicketRegistryTicketCatalogConfiguration.java,support/cas-server-support-consent-jdbc/src/main/java/org/apereo/cas/config/CasConsentJdbcConfiguration.java
apereo/cas,support/cas-server-support-dynamodb-ticket-registry/src/main/java/org/apereo/cas/config/DynamoDbTicketRegistryTicketCatalogConfiguration.java,support/cas-server-support-u2f-jpa/src/main/java/org/apereo/cas/config/U2FJpaConfiguration.java
apereo/cas,support/cas-server-support-dynamodb-ticket-registry/src/main/java/org/apereo/cas/config/DynamoDbTicketRegistryTicketCatalogConfiguration.java,support/cas-server-support-oidc/src/main/java/org/apereo/cas/oidc/config/OidcConfiguration.java
apereo/cas,support/cas-server-support-dynamodb-ticket-registry/src/main/java/org/apereo/cas/config/DynamoDbTicketRegistryTicketCatalogConfiguration.java,support/cas-server-support-gauth-jpa/src/main/java/org/apereo/cas/config/GoogleAuthenticatorJpaConfiguration.java
apereo/cas,support/cas-server-support-u2f/src/main/java/org/apereo/cas/config/support/authentication/U2FAuthenticationEventExecutionPlanConfiguration.java,support/cas-server-support-oidc/src/main/java/org/apereo/cas/oidc/config/OidcConfiguration.java
apereo/cas,support/cas-server-support-u2f/src/main/java/org/apereo/cas/config/support/authentication/U2FAuthenticationEventExecutionPlanConfiguration.java,support/cas-server-support-consent-jdbc/src/main/java/org/apereo/cas/config/CasConsentJdbcConfiguration.java
apereo/cas,support/cas-server-support-u2f/src/main/java/org/apereo/cas/config/support/authentication/U2FAuthenticationEventExecutionPlanConfiguration.java,support/cas-server-support-mongo-core/src/main/java/org/apereo/cas/mongo/MongoDbConnectionFactory.java
apereo/cas,support/cas-server-support-u2f/src/main/java/org/apereo/cas/config/support/authentication/U2FAuthenticationEventExecutionPlanConfiguration.java,support/cas-server-support-u2f-jpa/src/main/java/org/apereo/cas/config/U2FJpaConfiguration.java
apereo/cas,support/cas-server-support-u2f/src/main/java/org/apereo/cas/config/support/authentication/U2FAuthenticationEventExecutionPlanConfiguration.java,support/cas-server-support-gauth-jpa/src/main/java/org/apereo/cas/config/GoogleAuthenticatorJpaConfiguration.java
apereo/cas,support/cas-server-support-u2f/src/main/java/org/apereo/cas/config/support/authentication/U2FAuthenticationEventExecutionPlanConfiguration.java,support/cas-server-support-yubikey-jpa/src/main/java/org/apereo/cas/config/JpaYubiKeyConfiguration.java
apereo/cas,support/cas-server-support-radius-mfa/src/main/java/org/apereo/cas/config/support/authentication/RadiusTokenAuthenticationEventExecutionPlanConfiguration.java,support/cas-server-support-yubikey-jpa/src/main/java/org/apereo/cas/config/JpaYubiKeyConfiguration.java
apereo/cas,support/cas-server-support-radius-mfa/src/main/java/org/apereo/cas/config/support/authentication/RadiusTokenAuthenticationEventExecutionPlanConfiguration.java,support/cas-server-support-oidc/src/main/java/org/apereo/cas/oidc/config/OidcConfiguration.java
apereo/cas,support/cas-server-support-radius-mfa/src/main/java/org/apereo/cas/config/support/authentication/RadiusTokenAuthenticationEventExecutionPlanConfiguration.java,support/cas-server-support-consent-jdbc/src/main/java/org/apereo/cas/config/CasConsentJdbcConfiguration.java
apereo/cas,support/cas-server-support-radius-mfa/src/main/java/org/apereo/cas/config/support/authentication/RadiusTokenAuthenticationEventExecutionPlanConfiguration.java,support/cas-server-support-gauth-jpa/src/main/java/org/apereo/cas/config/GoogleAuthenticatorJpaConfiguration.java
apereo/cas,support/cas-server-support-radius-mfa/src/main/java/org/apereo/cas/config/support/authentication/RadiusTokenAuthenticationEventExecutionPlanConfiguration.java,support/cas-server-support-u2f-jpa/src/main/java/org/apereo/cas/config/U2FJpaConfiguration.java
apereo/cas,support/cas-server-support-radius-mfa/src/main/java/org/apereo/cas/config/support/authentication/RadiusTokenAuthenticationEventExecutionPlanConfiguration.java,support/cas-server-support-mongo-core/src/main/java/org/apereo/cas/mongo/MongoDbConnectionFactory.java
apereo/cas,support/cas-server-support-authy/src/main/java/org/apereo/cas/adaptors/authy/config/support/authentication/AuthyAuthenticationEventExecutionPlanConfiguration.java,support/cas-server-support-mongo-core/src/main/java/org/apereo/cas/mongo/MongoDbConnectionFactory.java
apereo/cas,support/cas-server-support-authy/src/main/java/org/apereo/cas/adaptors/authy/config/support/authentication/AuthyAuthenticationEventExecutionPlanConfiguration.java,support/cas-server-support-yubikey-jpa/src/main/java/org/apereo/cas/config/JpaYubiKeyConfiguration.java
apereo/cas,support/cas-server-support-authy/src/main/java/org/apereo/cas/adaptors/authy/config/support/authentication/AuthyAuthenticationEventExecutionPlanConfiguration.java,support/cas-server-support-oidc/src/main/java/org/apereo/cas/oidc/config/OidcConfiguration.java
apereo/cas,support/cas-server-support-authy/src/main/java/org/apereo/cas/adaptors/authy/config/support/authentication/AuthyAuthenticationEventExecutionPlanConfiguration.java,support/cas-server-support-gauth-jpa/src/main/java/org/apereo/cas/config/GoogleAuthenticatorJpaConfiguration.java
apereo/cas,support/cas-server-support-authy/src/main/java/org/apereo/cas/adaptors/authy/config/support/authentication/AuthyAuthenticationEventExecutionPlanConfiguration.java,support/cas-server-support-u2f-jpa/src/main/java/org/apereo/cas/config/U2FJpaConfiguration.java
apereo/cas,support/cas-server-support-authy/src/main/java/org/apereo/cas/adaptors/authy/config/support/authentication/AuthyAuthenticationEventExecutionPlanConfiguration.java,support/cas-server-support-consent-jdbc/src/main/java/org/apereo/cas/config/CasConsentJdbcConfiguration.java
cojen/Tupl,src/main/java/org/cojen/tupl/rows/AbstractTable.java,src/main/java/org/cojen/tupl/rows/TableMaker.java
cojen/Tupl,src/main/java/org/cojen/tupl/rows/AbstractTable.java,src/main/java/org/cojen/tupl/rows/BasicRowUpdater.java
cojen/Tupl,src/main/java/org/cojen/tupl/rows/AbstractTable.java,src/main/java/org/cojen/tupl/Table.java
cojen/Tupl,src/main/java/org/cojen/tupl/rows/FilteredScanMaker.java,src/main/java/org/cojen/tupl/Table.java
cojen/Tupl,src/main/java/org/cojen/tupl/rows/FilteredScanMaker.java,src/main/java/org/cojen/tupl/rows/TableMaker.java
cojen/Tupl,src/main/java/org/cojen/tupl/rows/FilteredScanMaker.java,src/main/java/org/cojen/tupl/rows/BasicRowUpdater.java
cojen/Tupl,src/main/java/org/cojen/tupl/rows/SingleScanController.java,src/main/java/org/cojen/tupl/rows/TableMaker.java
cojen/Tupl,src/main/java/org/cojen/tupl/rows/SingleScanController.java,src/main/java/org/cojen/tupl/Table.java
cojen/Tupl,src/main/java/org/cojen/tupl/rows/SingleScanController.java,src/main/java/org/cojen/tupl/rows/BasicRowUpdater.java
crate/crate,server/src/main/java/org/elasticsearch/index/shard/IndexShard.java,server/src/main/java/org/elasticsearch/index/translog/Translog.java
crate/crate,server/src/main/java/org/elasticsearch/index/shard/IndexShard.java,server/src/main/java/org/elasticsearch/cluster/InternalClusterInfoService.java
tsegall/fta,src/main/java/com/cobber/fta/plugins/PostalCodeFR.java,types/src/main/java/com/cobber/fta/TextAnalyzer.java
tsegall/fta,src/main/java/com/cobber/fta/plugins/PostalCodeJA.java,types/src/main/java/com/cobber/fta/TextAnalyzer.java
apache/jmeter,src/components/src/main/java/org/apache/jmeter/extractor/RegexExtractor.java,src/protocol/http/src/main/java/org/apache/jmeter/protocol/http/modifier/URLRewritingModifier.java
apache/jmeter,src/components/src/main/java/org/apache/jmeter/visualizers/RenderAsRegexp.java,src/protocol/http/src/main/java/org/apache/jmeter/protocol/http/modifier/URLRewritingModifier.java
apache/jmeter,src/components/src/main/java/org/apache/jmeter/assertions/ResponseAssertion.java,src/protocol/http/src/main/java/org/apache/jmeter/protocol/http/modifier/URLRewritingModifier.java
apache/jmeter,src/protocol/http/src/main/java/org/apache/jmeter/protocol/http/control/HttpMirrorThread.java,src/protocol/http/src/main/java/org/apache/jmeter/protocol/http/modifier/URLRewritingModifier.java
apache/jmeter,src/protocol/http/src/main/java/org/apache/jmeter/protocol/http/config/MultipartUrlConfig.java,src/protocol/http/src/main/java/org/apache/jmeter/protocol/http/modifier/URLRewritingModifier.java
Erudika/scoold,src/main/java/com/erudika/scoold/utils/ScooldRequestInterceptor.java,src/main/java/com/erudika/scoold/ScooldServer.java
Erudika/scoold,src/main/java/com/erudika/scoold/utils/ScooldRequestInterceptor.java,src/main/java/com/erudika/scoold/utils/ScooldUtils.java
dita-ot/dita-ot,src/main/java/org/dita/dost/invoker/Main.java,src/main/java/org/dita/dost/writer/ValidationFilter.java
sundrio/sundrio,annotations/builder/src/main/java/io/sundr/builder/internal/BuilderContext.java,annotations/builder/src/main/java/io/sundr/builder/internal/functions/ClazzAs.java
AsamK/signal-cli,lib/src/main/java/org/asamk/signal/manager/SignalDependencies.java,src/main/java/org/asamk/signal/dbus/DbusManagerImpl.java
AsamK/signal-cli,lib/src/main/java/org/asamk/signal/manager/SignalDependencies.java,lib/src/main/java/org/asamk/signal/manager/storage/SignalAccount.java
AsamK/signal-cli,lib/src/main/java/org/asamk/signal/manager/RegistrationManagerImpl.java,src/main/java/org/asamk/signal/dbus/DbusManagerImpl.java
AsamK/signal-cli,lib/src/main/java/org/asamk/signal/manager/RegistrationManagerImpl.java,lib/src/main/java/org/asamk/signal/manager/storage/SignalAccount.java
apache/empire-db,empire-db/src/main/java/org/apache/empire/db/DBView.java,empire-db/src/main/java/org/apache/empire/db/DBTable.java
apache/empire-db,empire-db/src/main/java/org/apache/empire/db/DBView.java,empire-db/src/main/java/org/apache/empire/db/expr/compare/DBCompareNotExpr.java
apache/empire-db,empire-db/src/main/java/org/apache/empire/db/DBView.java,empire-db/src/main/java/org/apache/empire/db/expr/compare/DBExistsExpr.java
apache/empire-db,empire-db/src/main/java/org/apache/empire/db/DBView.java,empire-db/src/main/java/org/apache/empire/db/DBCommand.java
apache/empire-db,empire-db/src/main/java/org/apache/empire/db/DBView.java,empire-db/src/main/java/org/apache/empire/db/expr/compare/DBCompareAndOrExpr.java
apache/empire-db,empire-db/src/main/java/org/apache/empire/db/DBView.java,empire-db/src/main/java/org/apache/empire/db/DBRecord.java
apache/empire-db,empire-db/src/main/java/org/apache/empire/data/Record.java,empire-db/src/main/java/org/apache/empire/db/expr/compare/DBCompareNotExpr.java
apache/empire-db,empire-db/src/main/java/org/apache/empire/data/Record.java,empire-db/src/main/java/org/apache/empire/db/DBCommand.java
apache/empire-db,empire-db/src/main/java/org/apache/empire/data/Record.java,empire-db/src/main/java/org/apache/empire/db/DBTable.java
apache/empire-db,empire-db/src/main/java/org/apache/empire/data/Record.java,empire-db/src/main/java/org/apache/empire/db/expr/compare/DBExistsExpr.java
apache/empire-db,empire-db/src/main/java/org/apache/empire/data/Record.java,empire-db/src/main/java/org/apache/empire/db/expr/compare/DBCompareAndOrExpr.java
apache/empire-db,empire-db/src/main/java/org/apache/empire/data/Record.java,empire-db/src/main/java/org/apache/empire/db/DBRecord.java
apache/empire-db,empire-db/src/main/java/org/apache/empire/db/DBColumn.java,empire-db/src/main/java/org/apache/empire/db/expr/compare/DBCompareAndOrExpr.java
apache/empire-db,empire-db/src/main/java/org/apache/empire/db/DBColumn.java,empire-db/src/main/java/org/apache/empire/db/DBTable.java
apache/empire-db,empire-db/src/main/java/org/apache/empire/db/DBColumn.java,empire-db/src/main/java/org/apache/empire/db/DBCommand.java
apache/empire-db,empire-db/src/main/java/org/apache/empire/db/DBColumn.java,empire-db/src/main/java/org/apache/empire/db/expr/compare/DBCompareNotExpr.java
apache/empire-db,empire-db/src/main/java/org/apache/empire/db/DBColumn.java,empire-db/src/main/java/org/apache/empire/db/DBRecord.java
apache/empire-db,empire-db/src/main/java/org/apache/empire/db/DBColumn.java,empire-db/src/main/java/org/apache/empire/db/expr/compare/DBExistsExpr.java
apache/empire-db,empire-db/src/main/java/org/apache/empire/db/DBCombinedCmd.java,empire-db/src/main/java/org/apache/empire/db/expr/compare/DBCompareNotExpr.java
apache/empire-db,empire-db/src/main/java/org/apache/empire/db/DBCombinedCmd.java,empire-db/src/main/java/org/apache/empire/db/DBTable.java
apache/empire-db,empire-db/src/main/java/org/apache/empire/db/DBCombinedCmd.java,empire-db/src/main/java/org/apache/empire/db/expr/compare/DBCompareAndOrExpr.java
apache/empire-db,empire-db/src/main/java/org/apache/empire/db/DBCombinedCmd.java,empire-db/src/main/java/org/apache/empire/db/DBRecord.java
apache/empire-db,empire-db/src/main/java/org/apache/empire/db/DBCombinedCmd.java,empire-db/src/main/java/org/apache/empire/db/DBCommand.java
apache/empire-db,empire-db/src/main/java/org/apache/empire/db/DBCombinedCmd.java,empire-db/src/main/java/org/apache/empire/db/expr/compare/DBExistsExpr.java
apache/empire-db,empire-db/src/main/java/org/apache/empire/dbms/DBMSHandler.java,empire-db/src/main/java/org/apache/empire/db/list/DBBeanListFactoryImpl.java
apache/empire-db,empire-db/src/main/java/org/apache/empire/dbms/DBMSHandler.java,empire-db/src/main/java/org/apache/empire/commons/ClassUtils.java
apache/empire-db,empire-db/src/main/java/org/apache/empire/dbms/DBMSHandler.java,empire-db/src/main/java/org/apache/empire/dbms/oracle/DBCommandOracle.java
apache/empire-db,empire-db/src/main/java/org/apache/empire/dbms/DBMSHandler.java,empire-db/src/main/java/org/apache/empire/db/DBRecordBean.java
apache/empire-db,empire-db/src/main/java/org/apache/empire/dbms/DBMSHandler.java,empire-db/src/main/java/org/apache/empire/dbms/hsql/DBCommandHSql.java
apache/empire-db,empire-db/src/main/java/org/apache/empire/dbms/DBMSHandler.java,empire-db/src/main/java/org/apache/empire/db/DBRecordBase.java
apache/empire-db,empire-db/src/main/java/org/apache/empire/dbms/DBMSHandler.java,empire-db-jsf2/src/main/java/org/apache/empire/jsf2/app/WebDBContext.java
apache/empire-db,empire-db/src/main/java/org/apache/empire/dbms/DBMSHandlerBase.java,empire-db/src/main/java/org/apache/empire/db/list/DBBeanListFactoryImpl.java
apache/empire-db,empire-db/src/main/java/org/apache/empire/dbms/DBMSHandlerBase.java,empire-db/src/main/java/org/apache/empire/dbms/hsql/DBCommandHSql.java
apache/empire-db,empire-db/src/main/java/org/apache/empire/dbms/DBMSHandlerBase.java,empire-db/src/main/java/org/apache/empire/db/DBRecordBase.java
apache/empire-db,empire-db/src/main/java/org/apache/empire/dbms/DBMSHandlerBase.java,empire-db/src/main/java/org/apache/empire/commons/ClassUtils.java
apache/empire-db,empire-db/src/main/java/org/apache/empire/dbms/DBMSHandlerBase.java,empire-db/src/main/java/org/apache/empire/dbms/oracle/DBCommandOracle.java
apache/empire-db,empire-db/src/main/java/org/apache/empire/dbms/DBMSHandlerBase.java,empire-db-jsf2/src/main/java/org/apache/empire/jsf2/app/WebDBContext.java
apache/empire-db,empire-db/src/main/java/org/apache/empire/dbms/DBMSHandlerBase.java,empire-db/src/main/java/org/apache/empire/db/DBRecordBean.java
apache/empire-db,empire-db/src/main/java/org/apache/empire/dbms/h2/DBMSHandlerH2.java,empire-db/src/main/java/org/apache/empire/dbms/oracle/DBCommandOracle.java
apache/empire-db,empire-db/src/main/java/org/apache/empire/dbms/h2/DBMSHandlerH2.java,empire-db/src/main/java/org/apache/empire/commons/ClassUtils.java
apache/empire-db,empire-db/src/main/java/org/apache/empire/dbms/h2/DBMSHandlerH2.java,empire-db/src/main/java/org/apache/empire/db/list/DBBeanListFactoryImpl.java
apache/empire-db,empire-db/src/main/java/org/apache/empire/dbms/h2/DBMSHandlerH2.java,empire-db-jsf2/src/main/java/org/apache/empire/jsf2/app/WebDBContext.java
apache/empire-db,empire-db/src/main/java/org/apache/empire/dbms/h2/DBMSHandlerH2.java,empire-db/src/main/java/org/apache/empire/db/DBRecordBean.java
apache/empire-db,empire-db/src/main/java/org/apache/empire/dbms/h2/DBMSHandlerH2.java,empire-db/src/main/java/org/apache/empire/db/DBRecordBase.java
apache/empire-db,empire-db/src/main/java/org/apache/empire/dbms/h2/DBMSHandlerH2.java,empire-db/src/main/java/org/apache/empire/dbms/hsql/DBCommandHSql.java
apache/empire-db,empire-db/src/main/java/org/apache/empire/data/list/DataListHead.java,empire-db/src/main/java/org/apache/empire/commons/ClassUtils.java
apache/empire-db,empire-db/src/main/java/org/apache/empire/data/list/DataListHead.java,empire-db/src/main/java/org/apache/empire/db/DBRecordBean.java
apache/empire-db,empire-db/src/main/java/org/apache/empire/data/list/DataListHead.java,empire-db/src/main/java/org/apache/empire/db/DBRecordBase.java
apache/empire-db,empire-db/src/main/java/org/apache/empire/data/list/DataListHead.java,empire-db/src/main/java/org/apache/empire/dbms/hsql/DBCommandHSql.java
apache/empire-db,empire-db/src/main/java/org/apache/empire/data/list/DataListHead.java,empire-db/src/main/java/org/apache/empire/db/list/DBBeanListFactoryImpl.java
apache/empire-db,empire-db/src/main/java/org/apache/empire/data/list/DataListHead.java,empire-db-jsf2/src/main/java/org/apache/empire/jsf2/app/WebDBContext.java
apache/empire-db,empire-db/src/main/java/org/apache/empire/data/list/DataListHead.java,empire-db/src/main/java/org/apache/empire/dbms/oracle/DBCommandOracle.java
apache/empire-db,empire-db/src/main/java/org/apache/empire/db/expr/column/DBAliasExpr.java,empire-db/src/main/java/org/apache/empire/db/DBRecord.java
apache/empire-db,empire-db/src/main/java/org/apache/empire/db/expr/column/DBAliasExpr.java,empire-db/src/main/java/org/apache/empire/db/expr/compare/DBCompareNotExpr.java
apache/empire-db,empire-db/src/main/java/org/apache/empire/db/expr/column/DBAliasExpr.java,empire-db/src/main/java/org/apache/empire/db/DBCommand.java
apache/empire-db,empire-db/src/main/java/org/apache/empire/db/expr/column/DBAliasExpr.java,empire-db/src/main/java/org/apache/empire/db/expr/compare/DBExistsExpr.java
apache/empire-db,empire-db/src/main/java/org/apache/empire/db/expr/column/DBAliasExpr.java,empire-db/src/main/java/org/apache/empire/db/DBTable.java
apache/empire-db,empire-db/src/main/java/org/apache/empire/db/expr/column/DBAliasExpr.java,empire-db/src/main/java/org/apache/empire/db/expr/compare/DBCompareAndOrExpr.java
apache/empire-db,empire-db/src/main/java/org/apache/empire/db/expr/column/DBValueExpr.java,empire-db/src/main/java/org/apache/empire/db/DBTable.java
apache/empire-db,empire-db/src/main/java/org/apache/empire/db/expr/column/DBValueExpr.java,empire-db/src/main/java/org/apache/empire/db/expr/compare/DBCompareNotExpr.java
apache/empire-db,empire-db/src/main/java/org/apache/empire/db/expr/column/DBValueExpr.java,empire-db/src/main/java/org/apache/empire/db/DBCommand.java
apache/empire-db,empire-db/src/main/java/org/apache/empire/db/expr/column/DBValueExpr.java,empire-db/src/main/java/org/apache/empire/db/expr/compare/DBExistsExpr.java
apache/empire-db,empire-db/src/main/java/org/apache/empire/db/expr/column/DBValueExpr.java,empire-db/src/main/java/org/apache/empire/db/expr/compare/DBCompareAndOrExpr.java
apache/empire-db,empire-db/src/main/java/org/apache/empire/db/expr/column/DBValueExpr.java,empire-db/src/main/java/org/apache/empire/db/DBRecord.java
apache/empire-db,empire-db/src/main/java/org/apache/empire/db/expr/column/DBConcatExpr.java,empire-db/src/main/java/org/apache/empire/db/expr/compare/DBCompareAndOrExpr.java
apache/empire-db,empire-db/src/main/java/org/apache/empire/db/expr/column/DBConcatExpr.java,empire-db/src/main/java/org/apache/empire/db/expr/compare/DBCompareNotExpr.java
apache/empire-db,empire-db/src/main/java/org/apache/empire/db/expr/column/DBConcatExpr.java,empire-db/src/main/java/org/apache/empire/db/DBRecord.java
apache/empire-db,empire-db/src/main/java/org/apache/empire/db/expr/column/DBConcatExpr.java,empire-db/src/main/java/org/apache/empire/db/DBCommand.java
apache/empire-db,empire-db/src/main/java/org/apache/empire/db/expr/column/DBConcatExpr.java,empire-db/src/main/java/org/apache/empire/db/expr/compare/DBExistsExpr.java
apache/empire-db,empire-db/src/main/java/org/apache/empire/db/expr/column/DBConcatExpr.java,empire-db/src/main/java/org/apache/empire/db/DBTable.java
apache/empire-db,empire-db/src/main/java/org/apache/empire/dbms/mysql/DBMSHandlerMySQL.java,empire-db/src/main/java/org/apache/empire/dbms/oracle/DBCommandOracle.java
apache/empire-db,empire-db/src/main/java/org/apache/empire/dbms/mysql/DBMSHandlerMySQL.java,empire-db/src/main/java/org/apache/empire/commons/ClassUtils.java
apache/empire-db,empire-db/src/main/java/org/apache/empire/dbms/mysql/DBMSHandlerMySQL.java,empire-db/src/main/java/org/apache/empire/dbms/hsql/DBCommandHSql.java
apache/empire-db,empire-db/src/main/java/org/apache/empire/dbms/mysql/DBMSHandlerMySQL.java,empire-db/src/main/java/org/apache/empire/db/list/DBBeanListFactoryImpl.java
apache/empire-db,empire-db/src/main/java/org/apache/empire/dbms/mysql/DBMSHandlerMySQL.java,empire-db/src/main/java/org/apache/empire/db/DBRecordBase.java
apache/empire-db,empire-db/src/main/java/org/apache/empire/dbms/mysql/DBMSHandlerMySQL.java,empire-db-jsf2/src/main/java/org/apache/empire/jsf2/app/WebDBContext.java
apache/empire-db,empire-db/src/main/java/org/apache/empire/dbms/mysql/DBMSHandlerMySQL.java,empire-db/src/main/java/org/apache/empire/db/DBRecordBean.java
apache/empire-db,empire-db/src/main/java/org/apache/empire/dbms/oracle/DBMSHandlerOracle.java,empire-db/src/main/java/org/apache/empire/db/DBRecordBase.java
apache/empire-db,empire-db/src/main/java/org/apache/empire/dbms/oracle/DBMSHandlerOracle.java,empire-db/src/main/java/org/apache/empire/db/DBRecordBean.java
apache/empire-db,empire-db/src/main/java/org/apache/empire/dbms/oracle/DBMSHandlerOracle.java,empire-db/src/main/java/org/apache/empire/db/list/DBBeanListFactoryImpl.java
apache/empire-db,empire-db/src/main/java/org/apache/empire/dbms/oracle/DBMSHandlerOracle.java,empire-db/src/main/java/org/apache/empire/dbms/hsql/DBCommandHSql.java
apache/empire-db,empire-db/src/main/java/org/apache/empire/dbms/oracle/DBMSHandlerOracle.java,empire-db/src/main/java/org/apache/empire/commons/ClassUtils.java
apache/empire-db,empire-db/src/main/java/org/apache/empire/dbms/oracle/DBMSHandlerOracle.java,empire-db-jsf2/src/main/java/org/apache/empire/jsf2/app/WebDBContext.java
apache/empire-db,empire-db/src/main/java/org/apache/empire/dbms/oracle/DBMSHandlerOracle.java,empire-db/src/main/java/org/apache/empire/dbms/oracle/DBCommandOracle.java
apache/empire-db,empire-db/src/main/java/org/apache/empire/dbms/sqlserver/DBMSHandlerMSSQL.java,empire-db-jsf2/src/main/java/org/apache/empire/jsf2/app/WebDBContext.java
apache/empire-db,empire-db/src/main/java/org/apache/empire/dbms/sqlserver/DBMSHandlerMSSQL.java,empire-db/src/main/java/org/apache/empire/commons/ClassUtils.java
apache/empire-db,empire-db/src/main/java/org/apache/empire/dbms/sqlserver/DBMSHandlerMSSQL.java,empire-db/src/main/java/org/apache/empire/dbms/oracle/DBCommandOracle.java
apache/empire-db,empire-db/src/main/java/org/apache/empire/dbms/sqlserver/DBMSHandlerMSSQL.java,empire-db/src/main/java/org/apache/empire/dbms/hsql/DBCommandHSql.java
apache/empire-db,empire-db/src/main/java/org/apache/empire/dbms/sqlserver/DBMSHandlerMSSQL.java,empire-db/src/main/java/org/apache/empire/db/DBRecordBase.java
apache/empire-db,empire-db/src/main/java/org/apache/empire/dbms/sqlserver/DBMSHandlerMSSQL.java,empire-db/src/main/java/org/apache/empire/db/DBRecordBean.java
apache/empire-db,empire-db/src/main/java/org/apache/empire/dbms/sqlserver/DBMSHandlerMSSQL.java,empire-db/src/main/java/org/apache/empire/db/list/DBBeanListFactoryImpl.java
apache/empire-db,empire-db-jsf2/src/main/java/org/apache/empire/jsf2/utils/TagEncodingHelper.java,empire-db/src/main/java/org/apache/empire/db/expr/compare/DBParenthesisExpr.java
bazelbuild/bazel,src/main/java/com/google/devtools/build/skyframe/AbstractSkyFunctionEnvironment.java,src/main/java/com/google/devtools/build/lib/skyframe/SkyframeBuildView.java
apache/uima-uimaj,uimaj-ep-configurator/src/main/java/org/apache/uima/taeconfigurator/editors/ui/ValueSection.java,uimaj-core/src/main/java/org/apache/uima/resource/impl/ResourceManager_impl.java
apache/uima-uimaj,uimaj-ep-configurator/src/main/java/org/apache/uima/taeconfigurator/editors/ui/ValueSection.java,uimaj-core/src/main/java/org/apache/uima/cas/impl/FSClassRegistry.java
redisson/redisson,redisson/src/main/java/org/redisson/command/CommandAsyncService.java,redisson/src/main/java/org/redisson/RedissonScoredSortedSet.java
redisson/redisson,redisson/src/main/java/org/redisson/command/CommandAsyncExecutor.java,redisson/src/main/java/org/redisson/RedissonScoredSortedSet.java
redisson/redisson,redisson/src/main/java/org/redisson/RedissonPermitExpirableSemaphore.java,redisson/src/main/java/org/redisson/RedissonScoredSortedSet.java
bazelbuild/intellij,base/src/com/google/idea/blaze/base/sync/BuildPhaseSyncTask.java,base/src/com/google/idea/blaze/base/sync/SyncPhaseCoordinator.java
elBukkit/MagicPlugin,MagicAPI/src/main/java/com/elmakers/mine/bukkit/api/magic/MageController.java,Magic/src/main/java/com/elmakers/mine/bukkit/magic/Mage.java
langurmonkey/gaiasky,core/src/gaiasky/util/CatalogInfo.java,core/src/gaiasky/scenegraph/BackgroundModel.java
langurmonkey/gaiasky,core/src/gaiasky/util/CatalogInfo.java,core/src/gaiasky/scenegraph/StarGroup.java
langurmonkey/gaiasky,core/src/gaiasky/util/CatalogInfo.java,core/src/gaiasky/scenegraph/Spacecraft.java
langurmonkey/gaiasky,core/src/gaiasky/util/CatalogInfo.java,core/src/gaiasky/util/gdx/shader/DefaultIntShader.java
langurmonkey/gaiasky,core/src/gaiasky/util/CatalogInfo.java,core/src/gaiasky/render/system/StarGroupRenderSystem.java
langurmonkey/gaiasky,core/src/gaiasky/util/CatalogInfo.java,core/src/gaiasky/scenegraph/FadeNode.java
langurmonkey/gaiasky,core/src/gaiasky/util/CatalogInfo.java,core/src/gaiasky/scenegraph/component/SkyboxComponent.java
langurmonkey/gaiasky,core/src/gaiasky/util/CatalogInfo.java,core/src/gaiasky/scenegraph/ParticleGroup.java
langurmonkey/gaiasky,core/src/gaiasky/util/CatalogInfo.java,core/src/gaiasky/script/EventScriptingInterface.java
langurmonkey/gaiasky,core/src/gaiasky/util/CatalogInfo.java,core/src/gaiasky/render/SceneGraphRenderer.java
langurmonkey/gaiasky,core/src/gaiasky/util/CatalogInfo.java,core/src/gaiasky/scenegraph/component/ModelComponent.java
langurmonkey/gaiasky,core/src/gaiasky/util/CatalogInfo.java,core/src/gaiasky/scenegraph/component/MaterialComponent.java
langurmonkey/gaiasky,core/src/gaiasky/util/CatalogInfo.java,core/src/gaiasky/util/GlobalResources.java
langurmonkey/gaiasky,core/src/gaiasky/interafce/components/DatasetsComponent.java,core/src/gaiasky/interafce/PreferencesWindow.java
langurmonkey/gaiasky,core/src/gaiasky/util/gdx/contrib/postprocess/effects/SSR.java,core/src/gaiasky/interafce/DatasetManagerWindow.java
langurmonkey/gaiasky,core/src/gaiasky/util/gdx/contrib/utils/GaiaSkyFrameBuffer.java,core/src/gaiasky/scenegraph/BackgroundModel.java
langurmonkey/gaiasky,core/src/gaiasky/util/gdx/contrib/utils/GaiaSkyFrameBuffer.java,core/src/gaiasky/scenegraph/component/SkyboxComponent.java
langurmonkey/gaiasky,core/src/gaiasky/util/gdx/contrib/utils/GaiaSkyFrameBuffer.java,core/src/gaiasky/scenegraph/component/ModelComponent.java
langurmonkey/gaiasky,core/src/gaiasky/util/gdx/contrib/utils/GaiaSkyFrameBuffer.java,core/src/gaiasky/render/SceneGraphRenderer.java
langurmonkey/gaiasky,core/src/gaiasky/util/gdx/contrib/utils/GaiaSkyFrameBuffer.java,core/src/gaiasky/scenegraph/Spacecraft.java
langurmonkey/gaiasky,core/src/gaiasky/util/gdx/contrib/utils/GaiaSkyFrameBuffer.java,core/src/gaiasky/util/gdx/shader/DefaultIntShader.java
langurmonkey/gaiasky,core/src/gaiasky/util/gdx/contrib/utils/GaiaSkyFrameBuffer.java,core/src/gaiasky/scenegraph/StarGroup.java
langurmonkey/gaiasky,core/src/gaiasky/util/gdx/contrib/utils/GaiaSkyFrameBuffer.java,core/src/gaiasky/scenegraph/component/MaterialComponent.java
langurmonkey/gaiasky,core/src/gaiasky/util/gdx/contrib/utils/GaiaSkyFrameBuffer.java,core/src/gaiasky/scenegraph/ParticleGroup.java
langurmonkey/gaiasky,core/src/gaiasky/util/gdx/contrib/utils/GaiaSkyFrameBuffer.java,core/src/gaiasky/script/EventScriptingInterface.java
langurmonkey/gaiasky,core/src/gaiasky/util/gdx/contrib/utils/GaiaSkyFrameBuffer.java,core/src/gaiasky/scenegraph/FadeNode.java
langurmonkey/gaiasky,core/src/gaiasky/util/gdx/contrib/utils/GaiaSkyFrameBuffer.java,core/src/gaiasky/render/system/StarGroupRenderSystem.java
langurmonkey/gaiasky,core/src/gaiasky/util/gdx/contrib/utils/GaiaSkyFrameBuffer.java,core/src/gaiasky/util/GlobalResources.java
langurmonkey/gaiasky,core/src/gaiasky/util/gdx/contrib/postprocess/PostProcessor.java,core/src/gaiasky/render/system/StarGroupRenderSystem.java
langurmonkey/gaiasky,core/src/gaiasky/util/gdx/contrib/postprocess/PostProcessor.java,core/src/gaiasky/scenegraph/FadeNode.java
langurmonkey/gaiasky,core/src/gaiasky/util/gdx/contrib/postprocess/PostProcessor.java,core/src/gaiasky/scenegraph/BackgroundModel.java
langurmonkey/gaiasky,core/src/gaiasky/util/gdx/contrib/postprocess/PostProcessor.java,core/src/gaiasky/scenegraph/component/MaterialComponent.java
langurmonkey/gaiasky,core/src/gaiasky/util/gdx/contrib/postprocess/PostProcessor.java,core/src/gaiasky/script/EventScriptingInterface.java
langurmonkey/gaiasky,core/src/gaiasky/util/gdx/contrib/postprocess/PostProcessor.java,core/src/gaiasky/scenegraph/ParticleGroup.java
langurmonkey/gaiasky,core/src/gaiasky/util/gdx/contrib/postprocess/PostProcessor.java,core/src/gaiasky/scenegraph/component/SkyboxComponent.java
langurmonkey/gaiasky,core/src/gaiasky/util/gdx/contrib/postprocess/PostProcessor.java,core/src/gaiasky/util/gdx/shader/DefaultIntShader.java
langurmonkey/gaiasky,core/src/gaiasky/util/gdx/contrib/postprocess/PostProcessor.java,core/src/gaiasky/scenegraph/StarGroup.java
langurmonkey/gaiasky,core/src/gaiasky/util/gdx/contrib/postprocess/PostProcessor.java,core/src/gaiasky/scenegraph/component/ModelComponent.java
langurmonkey/gaiasky,core/src/gaiasky/util/gdx/contrib/postprocess/PostProcessor.java,core/src/gaiasky/render/SceneGraphRenderer.java
langurmonkey/gaiasky,core/src/gaiasky/util/gdx/contrib/postprocess/PostProcessor.java,core/src/gaiasky/util/GlobalResources.java
langurmonkey/gaiasky,core/src/gaiasky/util/gdx/contrib/postprocess/PostProcessor.java,core/src/gaiasky/scenegraph/Spacecraft.java
langurmonkey/gaiasky,core/src/gaiasky/util/gdx/contrib/postprocess/effects/Bloom.java,core/src/gaiasky/render/system/StarGroupRenderSystem.java
langurmonkey/gaiasky,core/src/gaiasky/util/gdx/contrib/postprocess/effects/Bloom.java,core/src/gaiasky/scenegraph/ParticleGroup.java
langurmonkey/gaiasky,core/src/gaiasky/util/gdx/contrib/postprocess/effects/Bloom.java,core/src/gaiasky/util/gdx/shader/DefaultIntShader.java
langurmonkey/gaiasky,core/src/gaiasky/util/gdx/contrib/postprocess/effects/Bloom.java,core/src/gaiasky/script/EventScriptingInterface.java
langurmonkey/gaiasky,core/src/gaiasky/util/gdx/contrib/postprocess/effects/Bloom.java,core/src/gaiasky/util/GlobalResources.java
langurmonkey/gaiasky,core/src/gaiasky/util/gdx/contrib/postprocess/effects/Bloom.java,core/src/gaiasky/scenegraph/component/MaterialComponent.java
langurmonkey/gaiasky,core/src/gaiasky/util/gdx/contrib/postprocess/effects/Bloom.java,core/src/gaiasky/scenegraph/BackgroundModel.java
langurmonkey/gaiasky,core/src/gaiasky/util/gdx/contrib/postprocess/effects/Bloom.java,core/src/gaiasky/render/SceneGraphRenderer.java
langurmonkey/gaiasky,core/src/gaiasky/util/gdx/contrib/postprocess/effects/Bloom.java,core/src/gaiasky/scenegraph/component/SkyboxComponent.java
langurmonkey/gaiasky,core/src/gaiasky/util/gdx/contrib/postprocess/effects/Bloom.java,core/src/gaiasky/scenegraph/StarGroup.java
langurmonkey/gaiasky,core/src/gaiasky/util/gdx/contrib/postprocess/effects/Bloom.java,core/src/gaiasky/scenegraph/FadeNode.java
langurmonkey/gaiasky,core/src/gaiasky/util/gdx/contrib/postprocess/effects/Bloom.java,core/src/gaiasky/scenegraph/component/ModelComponent.java
langurmonkey/gaiasky,core/src/gaiasky/util/gdx/contrib/postprocess/effects/Bloom.java,core/src/gaiasky/scenegraph/Spacecraft.java
langurmonkey/gaiasky,core/src/gaiasky/util/gdx/contrib/postprocess/filters/SSRFilter.java,core/src/gaiasky/interafce/DatasetManagerWindow.java
langurmonkey/gaiasky,core/src/gaiasky/util/gdx/contrib/postprocess/effects/Raymarching.java,core/src/gaiasky/interafce/PreferencesWindow.java
langurmonkey/gaiasky,core/src/gaiasky/util/gdx/contrib/postprocess/filters/RaymarchingFilter.java,core/src/gaiasky/interafce/PreferencesWindow.java
mezz/JustEnoughItems,src/main/java/mezz/jei/config/ClientConfig.java,src/main/java/mezz/jei/startup/ClientLifecycleHandler.java
mezz/JustEnoughItems,src/api/java/mezz/jei/api/gui/IRecipeLayout.java,src/main/java/mezz/jei/gui/overlay/IngredientGrid.java
mezz/JustEnoughItems,src/api/java/mezz/jei/api/gui/IRecipeLayout.java,src/main/java/mezz/jei/render/IngredientListBatchRenderer.java
mezz/JustEnoughItems,src/api/java/mezz/jei/api/gui/IRecipeLayout.java,src/main/java/mezz/jei/gui/recipes/RecipeCatalysts.java
mezz/JustEnoughItems,src/api/java/mezz/jei/api/gui/IRecipeLayout.java,src/main/java/mezz/jei/gui/overlay/IngredientListOverlay.java
mezz/JustEnoughItems,src/api/java/mezz/jei/api/runtime/IRecipesGui.java,src/main/java/mezz/jei/load/registration/RecipeRegistration.java
mezz/JustEnoughItems,src/api/java/mezz/jei/api/runtime/IRecipesGui.java,src/main/java/mezz/jei/plugins/debug/JeiDebugPlugin.java
mezz/JustEnoughItems,src/api/java/mezz/jei/api/runtime/IRecipesGui.java,src/main/java/mezz/jei/config/BookmarkConfig.java
mezz/JustEnoughItems,src/api/java/mezz/jei/api/recipe/IRecipeManager.java,src/main/java/mezz/jei/plugins/debug/JeiDebugPlugin.java
mezz/JustEnoughItems,src/api/java/mezz/jei/api/recipe/IRecipeManager.java,src/main/java/mezz/jei/config/BookmarkConfig.java
mezz/JustEnoughItems,src/api/java/mezz/jei/api/recipe/IRecipeManager.java,src/main/java/mezz/jei/load/registration/RecipeRegistration.java
mezz/JustEnoughItems,src/main/java/mezz/jei/gui/recipes/ShapelessIcon.java,src/main/java/mezz/jei/render/IngredientListBatchRenderer.java
mezz/JustEnoughItems,src/main/java/mezz/jei/gui/recipes/ShapelessIcon.java,src/main/java/mezz/jei/gui/overlay/IngredientListOverlay.java
mezz/JustEnoughItems,src/main/java/mezz/jei/gui/recipes/ShapelessIcon.java,src/main/java/mezz/jei/gui/recipes/RecipeCatalysts.java
mezz/JustEnoughItems,src/main/java/mezz/jei/gui/recipes/ShapelessIcon.java,src/main/java/mezz/jei/gui/overlay/IngredientGrid.java
mezz/JustEnoughItems,src/main/java/mezz/jei/render/IngredientListSlot.java,src/main/java/mezz/jei/gui/overlay/IngredientGrid.java
mezz/JustEnoughItems,src/main/java/mezz/jei/render/IngredientListSlot.java,src/main/java/mezz/jei/gui/overlay/IngredientListOverlay.java
mezz/JustEnoughItems,src/main/java/mezz/jei/render/IngredientListSlot.java,src/main/java/mezz/jei/gui/recipes/RecipeCatalysts.java
mezz/JustEnoughItems,src/main/java/mezz/jei/render/IngredientListSlot.java,src/main/java/mezz/jei/render/IngredientListBatchRenderer.java
mezz/JustEnoughItems,src/api/java/mezz/jei/api/gui/ingredient/IGuiIngredient.java,src/main/java/mezz/jei/plugins/debug/JeiDebugPlugin.java
mezz/JustEnoughItems,src/api/java/mezz/jei/api/gui/ingredient/IGuiIngredient.java,src/main/java/mezz/jei/load/registration/RecipeRegistration.java
mezz/JustEnoughItems,src/api/java/mezz/jei/api/gui/ingredient/IGuiIngredient.java,src/main/java/mezz/jei/config/BookmarkConfig.java
mezz/JustEnoughItems,src/api/java/mezz/jei/api/gui/builder/IRecipeLayoutBuilder.java,src/main/java/mezz/jei/gui/recipes/builder/RecipeSlotBuilder.java
mezz/JustEnoughItems,src/api/java/mezz/jei/api/gui/builder/IRecipeLayoutBuilder.java,src/main/java/mezz/jei/gui/ingredients/RecipeSlot.java
mezz/JustEnoughItems,src/api/java/mezz/jei/api/gui/builder/IRecipeLayoutBuilder.java,src/main/java/mezz/jei/gui/ingredients/adapters/RecipeSlotsGuiItemStackGroupAdapter.java
mezz/JustEnoughItems,src/api/java/mezz/jei/api/gui/builder/IRecipeLayoutBuilder.java,src/main/java/mezz/jei/gui/recipes/builder/RecipeLayoutBuilder.java
mezz/JustEnoughItems,src/api/java/mezz/jei/api/gui/builder/IRecipeLayoutBuilder.java,src/main/java/mezz/jei/gui/recipes/RecipeLayoutLegacyAdapter.java
mezz/JustEnoughItems,src/api/java/mezz/jei/api/gui/builder/IRecipeLayoutBuilder.java,src/main/java/mezz/jei/gui/ingredients/adapters/RecipeSlotsGuiFluidStackGroupAdapter.java
mezz/JustEnoughItems,src/api/java/mezz/jei/api/gui/builder/IRecipeLayoutBuilder.java,src/main/java/mezz/jei/gui/ingredients/adapters/RecipeSlotsGuiIngredientGroupAdapter.java
mezz/JustEnoughItems,src/api/java/mezz/jei/api/gui/ingredient/IGuiItemStackGroup.java,src/main/java/mezz/jei/plugins/debug/JeiDebugPlugin.java
mezz/JustEnoughItems,src/api/java/mezz/jei/api/gui/ingredient/IGuiItemStackGroup.java,src/main/java/mezz/jei/load/registration/RecipeRegistration.java
mezz/JustEnoughItems,src/api/java/mezz/jei/api/gui/ingredient/IGuiItemStackGroup.java,src/main/java/mezz/jei/config/BookmarkConfig.java
mezz/JustEnoughItems,src/api/java/mezz/jei/api/gui/ingredient/ICraftingGridHelper.java,src/main/java/mezz/jei/load/registration/RecipeRegistration.java
mezz/JustEnoughItems,src/api/java/mezz/jei/api/gui/ingredient/ICraftingGridHelper.java,src/main/java/mezz/jei/plugins/debug/JeiDebugPlugin.java
mezz/JustEnoughItems,src/api/java/mezz/jei/api/gui/ingredient/ICraftingGridHelper.java,src/main/java/mezz/jei/config/BookmarkConfig.java
mezz/JustEnoughItems,src/api/java/mezz/jei/api/gui/ingredient/IGuiFluidStackGroup.java,src/main/java/mezz/jei/load/registration/RecipeRegistration.java
mezz/JustEnoughItems,src/api/java/mezz/jei/api/gui/ingredient/IGuiFluidStackGroup.java,src/main/java/mezz/jei/plugins/debug/JeiDebugPlugin.java
mezz/JustEnoughItems,src/api/java/mezz/jei/api/gui/ingredient/IGuiFluidStackGroup.java,src/main/java/mezz/jei/config/BookmarkConfig.java
mezz/JustEnoughItems,src/main/java/mezz/jei/gui/ingredients/IngredientLookupState.java,src/main/java/mezz/jei/render/IngredientListBatchRenderer.java
mezz/JustEnoughItems,src/main/java/mezz/jei/gui/ingredients/IngredientLookupState.java,src/main/java/mezz/jei/gui/overlay/IngredientGrid.java
mezz/JustEnoughItems,src/main/java/mezz/jei/gui/ingredients/IngredientLookupState.java,src/main/java/mezz/jei/gui/recipes/RecipeCatalysts.java
mezz/JustEnoughItems,src/main/java/mezz/jei/gui/ingredients/IngredientLookupState.java,src/main/java/mezz/jei/gui/overlay/IngredientListOverlay.java
mezz/JustEnoughItems,src/main/java/mezz/jei/plugins/jei/ingredients/DebugIngredientHelper.java,src/main/java/mezz/jei/gui/recipes/RecipeGuiLogic.java
mezz/JustEnoughItems,src/main/java/mezz/jei/plugins/jei/ingredients/DebugIngredientHelper.java,src/main/java/mezz/jei/gui/recipes/RecipeLayout.java
mezz/JustEnoughItems,src/main/java/mezz/jei/plugins/jei/ingredients/DebugIngredientHelper.java,src/main/java/mezz/jei/input/ClickedIngredient.java
mezz/JustEnoughItems,src/api/java/mezz/jei/api/recipe/category/extensions/vanilla/crafting/ICraftingCategoryExtension.java,src/main/java/mezz/jei/load/registration/RecipeRegistration.java
mezz/JustEnoughItems,src/api/java/mezz/jei/api/recipe/category/extensions/vanilla/crafting/ICraftingCategoryExtension.java,src/main/java/mezz/jei/plugins/debug/JeiDebugPlugin.java
mezz/JustEnoughItems,src/api/java/mezz/jei/api/recipe/category/extensions/vanilla/crafting/ICraftingCategoryExtension.java,src/main/java/mezz/jei/config/BookmarkConfig.java
jeremylong/DependencyCheck,core/src/main/java/org/owasp/dependencycheck/analyzer/AssemblyAnalyzer.java,core/src/main/java/org/owasp/dependencycheck/analyzer/NodePackageAnalyzer.java
apache/jackrabbit-filevault,vault-core/src/main/java/org/apache/jackrabbit/vault/fs/io/DocViewParser.java,vault-core/src/main/java/org/apache/jackrabbit/vault/util/DocViewProperty2.java
revelc/formatter-maven-plugin,src/main/java/net/revelc/code/formatter/model/Profile.java,src/main/java/net/revelc/code/formatter/jsoup/JsoupBasedFormatter.java
revelc/formatter-maven-plugin,src/main/java/net/revelc/code/formatter/model/Setting.java,src/main/java/net/revelc/code/formatter/jsoup/JsoupBasedFormatter.java
revelc/formatter-maven-plugin,src/main/java/net/revelc/code/formatter/model/Profiles.java,src/main/java/net/revelc/code/formatter/jsoup/JsoupBasedFormatter.java
revelc/formatter-maven-plugin,src/main/java/net/revelc/code/formatter/model/ConfigReader.java,src/main/java/net/revelc/code/formatter/jsoup/JsoupBasedFormatter.java
revelc/formatter-maven-plugin,src/main/java/net/revelc/code/formatter/model/ConfigReadException.java,src/main/java/net/revelc/code/formatter/jsoup/JsoupBasedFormatter.java
tuomount/Open-Realms-of-Stars,src/main/java/org/openRealmOfStars/game/Game.java,src/main/java/org/openRealmOfStars/game/States/AITurnView.java
tuomount/Open-Realms-of-Stars,src/main/java/org/openRealmOfStars/game/Game.java,src/main/java/org/openRealmOfStars/starMap/planet/Planet.java
tuomount/Open-Realms-of-Stars,src/main/java/org/openRealmOfStars/game/Game.java,src/main/java/org/openRealmOfStars/AI/PlanetHandling/PlanetHandling.java
tuomount/Open-Realms-of-Stars,src/main/java/org/openRealmOfStars/game/States/ShipDesignView.java,src/main/java/org/openRealmOfStars/game/States/AITurnView.java
tuomount/Open-Realms-of-Stars,src/main/java/org/openRealmOfStars/game/States/ShipDesignView.java,src/main/java/org/openRealmOfStars/AI/PlanetHandling/PlanetHandling.java
tuomount/Open-Realms-of-Stars,src/main/java/org/openRealmOfStars/game/States/ShipDesignView.java,src/main/java/org/openRealmOfStars/starMap/planet/Planet.java
tuomount/Open-Realms-of-Stars,src/main/java/org/openRealmOfStars/player/ship/generator/ShipGenerator.java,src/main/java/org/openRealmOfStars/AI/PlanetHandling/PlanetHandling.java
tuomount/Open-Realms-of-Stars,src/main/java/org/openRealmOfStars/player/ship/generator/ShipGenerator.java,src/main/java/org/openRealmOfStars/game/States/AITurnView.java
tuomount/Open-Realms-of-Stars,src/main/java/org/openRealmOfStars/player/ship/generator/ShipGenerator.java,src/main/java/org/openRealmOfStars/starMap/planet/Planet.java
CodeIntelligenceTesting/jazzer,agent/src/main/java/com/code_intelligence/jazzer/api/Jazzer.java,agent/src/main/java/com/code_intelligence/jazzer/runtime/TraceDataFlowNativeCallbacks.java
data-integrations/google-cloud,src/main/java/io/cdap/plugin/gcp/bigquery/sqlengine/BigQuerySelectDataset.java,src/main/java/io/cdap/plugin/gcp/bigquery/sqlengine/BigQueryWrite.java
00-Evan/shattered-pixel-dungeon,core/src/main/java/com/shatteredpixel/shatteredpixeldungeon/ui/Button.java,core/src/main/java/com/shatteredpixel/shatteredpixeldungeon/levels/rooms/special/SentryRoom.java
00-Evan/shattered-pixel-dungeon,core/src/main/java/com/shatteredpixel/shatteredpixeldungeon/ui/Button.java,core/src/main/java/com/shatteredpixel/shatteredpixeldungeon/ui/InventoryPane.java
